sn,title,location,format,oclc,startyear,endyear,freq,material_dates
2017234421,Olivet Baptist Church herald.,"California State Univ, San Marcos, San Marcos, CA",Unspecified,44855240,1913,19??,Weekly,
2017234421,Olivet Baptist Church herald.,"Univ of California, San Diego, La Jolla, CA",Online Resource,44855240,1913,19??,Weekly,
sn00062059,Chicago communicator newspaper.,"Chicago Hist Soc Libr, Chicago, IL",Original,45112959,1997,current,Biweekly,<2000:5:20>
sn2001061344,The Southeast sun.,"Univ of Illinois, Urbana, IL",Unspecified,48461190,1971,197?,Weekly,"1985:2:15,1986:1:24-2:7,4:4-25,7:25-8:7,22,1987:2:6,2:27-3:6,7:3-8:28,10:9-30,12:4,1988:1:8-15,1:29-2:19,3:17,31,4:14-5:19,6:2,9,23-12:29,1989:1:5-5:4,5:25-12:28,1990:1:4-3:15,29,6:14,28,10:4-12:27,1991:1:3-4:4"
sn2008020210,Robbins central news.,"Chicago Hist Soc Libr, Chicago, IL",Microfilm Service Copy,190785675,1967,????,Weekly,<1967:9:21>
sn2008020210,Robbins central news.,"Univ of Illinois, Urbana, IL",Unspecified,190785675,1967,????,Weekly,1967:Sep.21
sn2008060202,The gazette.,"Chicago Hist Soc Libr, Chicago, IL",Microfilm Service Copy,190763601,1953,19??,,<1953:7:11>
sn2008060202,The gazette.,"Univ of Illinois, Urbana, IL",Unspecified,190763601,1953,19??,,1973:Jul.11
sn2008060204,Robbins journal.,"Chicago Hist Soc Libr, Chicago, IL",Microfilm Service Copy,190785511,19??,19??,Weekly,<1973:12:27-1975:5:22>
sn2008060204,Robbins journal.,"Univ of Illinois, Urbana, IL",Unspecified,190785511,19??,19??,Weekly,"1973:12:27,1974:1:4,1975:3:20-27,5:22"
sn2008060205,The Robbins informer.,"Chicago Hist Soc Libr, Chicago, IL",Microfilm Service Copy,190785521,1947,????,,<1948:1:31>
sn2008060205,The Robbins informer.,"Univ of Illinois, Urbana, IL",Unspecified,190785521,1947,????,,1948:Jan.31
sn2008060206,Robbins star.,"Univ of Illinois, Urbana, IL",Unspecified,190785538,1960,1960,Weekly,"1960:9:30-10:14,29"
sn78004682,Bilalian news.,"Abraham Lincoln Presidential Libr, Springfield, IL",Microfilm Service Copy,2975269,1975,1981,Weekly,<1975:11:7-1981:10:30>
sn78004682,Bilalian news.,"Boston Pub Libr, Boston, MA",Original,2975269,1975,1981,Weekly,<1976:1:16-1981:10:30>
sn78004682,Bilalian news.,"California State Libr, Sacramento, CA",Microfilm Service Copy,2975269,1975,1981,Weekly,<1975:11:7-1980:6>
sn78004682,Bilalian news.,"Chicago Hist Soc Libr, Chicago, IL",Original,2975269,1975,1981,Weekly,<1977:5:27><1978:7:21><1980:5:30>
sn78004682,Bilalian news.,"Chicago Pub Libr, Chicago, IL",Microfilm Service Copy,2975269,1975,1981,Weekly,<1976:1:2-1980:12:26>
sn78004682,Bilalian news.,"Chicago Pub Libr, Chicago, IL",Microfilm Service Copy,2975269,1975,1981,Weekly,<1975:11:7-1981:10:30>
sn78004682,Bilalian news.,"County of Los Angeles Pub Libr, Downey, CA",Microfilm Service Copy,2975269,1975,1981,Weekly,<1976:7:1-12:31>
sn78004682,Bilalian news.,"Dallas Pub Libr, Dallas, TX",Unspecified,2975269,1975,1981,Weekly,
sn78004682,Bilalian news.,"Duke Univ Libr, Durham, NC",Microfilm Service Copy,2975269,1975,1981,Weekly,<1975:11:7-1981:10:30>
sn78004682,Bilalian news.,"Free Libr of Philadelphia, Philadelphia, PA",Unspecified,2975269,1975,1981,Weekly,"[Microfilm=1-6 1976-1981 0,5]"
sn78004682,Bilalian news.,"Free Pub Libr of Newark, New Jersey, Newark, NJ",Unspecified,2975269,1975,1981,Weekly,
sn78004682,Bilalian news.,"Howard Univ, Washington, DC",Unspecified,2975269,1975,1981,Weekly,For microfilm see #3764114
sn78004682,Bilalian news.,"Illinois State Univ, Normal, IL",Microfilm Service Copy,2975269,1975,1981,Weekly,<1975:11:7-1981:10:30>
sn78004682,Bilalian news.,"Kent State Univ, Kent, OH",Microfilm Service Copy,2975269,1975,1981,Weekly,<1975:11:7-1981:10:30>
sn78004682,Bilalian news.,"Michigan State Univ, E Lansing, MI",Original,2975269,1975,1981,Weekly,<1975:10:24-1981:10:30>
sn78004682,Bilalian news.,"Millersville Univ, Helen Ganser Libr, Millersville, PA",Unspecified,2975269,1975,1981,Weekly,
sn78004682,Bilalian news.,"North Carolina A&amp;T State Univ, Greensboro, NC",Unspecified,2975269,1975,1981,Weekly,1977-1981
sn78004682,Bilalian news.,"North Carolina A&amp;T State Univ, Greensboro, NC",Unspecified,2975269,1975,1981,Weekly,Jan-Jun1977
sn78004682,Bilalian news.,"Northwestern Univ, Evanston, IL",Microfilm Service Copy,2975269,1975,1981,Weekly,<1975:11:7-1981:10:30>
sn78004682,Bilalian news.,"Northwestern Univ, Evanston, IL",Original,2975269,1975,1981,Weekly,<1981:1:2-6:26>
sn78004682,Bilalian news.,"Queens Borough Pub Libr, Flushing, NY",Unspecified,2975269,1975,1981,Weekly,
sn78004682,Bilalian news.,"Roosevelt Pub Libr, Roosevelt, NY",Unspecified,2975269,1975,1981,Weekly,CURRENT YEAR ONLY
sn78004682,Bilalian news.,"State Univ of New York, Binghamton Libr, Binghamton, NY",Unspecified,2975269,1975,1981,Weekly,Retains current six months.
sn78004682,Bilalian news.,"Suny At Stony Brook, Stony Brook, NY",Microfilm Service Copy,2975269,1975,1981,Weekly,<1976:1:16-1981:10:30>
sn78004682,Bilalian news.,"Suny Col At Purchase, Purchase, NY",Microfilm Service Copy,2975269,1975,1981,Weekly,<1975:11:1-1981:10:30>
sn78004682,Bilalian news.,"Union Col, Schenectady, NY",Microform,2975269,1975,1981,Weekly,
sn78004682,Bilalian news.,"Univ of Cent Oklahoma, Edmond, OK",Unspecified,2975269,1975,1981,Weekly,"[Microfilm=v.1-v.6 1975-1981 0,5,8]"
sn78004682,Bilalian news.,"Univ of Chicago, Chicago, IL",Unspecified,2975269,1975,1981,Weekly,
sn78004682,Bilalian news.,"Univ of Connecticut, Storrs, CT",Original,2975269,1975,1981,Weekly,"<1976:3:19><1978:2:3, 6:2, 6:16-7:7, 7:21, 8:25, 9:22-10:6, 10:27-12:15><1978:12:29-1979:3:16><1979:3:30><1979:4:13-1980:10:10><1981:7:17>"
sn78004682,Bilalian news.,"Univ of Illinois, Urbana, IL",Original,2975269,1975,1981,Weekly,Copy 1 has 1975:11:7-1981:10:30.
sn78004682,Bilalian news.,"Univ of Illinois, Chicago, Chicago, IL",Unspecified,2975269,1975,1981,Weekly,v.15:no.9(1975:Nov.7)
sn78004682,Bilalian news.,"Univ of Louisville, Louisville, KY",Unspecified,2975269,1975,1981,Weekly,v.1 (1975)-v.6 (1981)
sn78004682,Bilalian news.,"Univ of Memphis, Memphis, TN",Unspecified,2975269,1975,1981,Weekly,
sn78004682,Bilalian news.,"Univ of Oregon Libr, Eugene, OR",Unspecified,2975269,1975,1981,Weekly,
sn78004682,Bilalian news.,"Univ of Pittsburgh, Pittsburgh, PA",Unspecified,2975269,1975,1981,Weekly,
sn78004682,Bilalian news.,"Univ of Rhode Island, Kingston, RI",Microfilm Service Copy,2975269,1975,1981,Weekly,<1975:11:7-1981:10:30>
sn78004682,Bilalian news.,"Univ of Rochester, Rochester, NY",Unspecified,2975269,1975,1981,Weekly,
sn78004682,Bilalian news.,"Univ of Tennessee, Knoxville, TN",Microfilm Service Copy,2975269,1975,1981,Weekly,<1975:11:7-1981:10:30>
sn78004682,Bilalian news.,"Univ of Washington Libr, Seattle, WA",Original,2975269,1975,1981,Weekly,Incomplete
sn81002525,World Muslim news.,"Abraham Lincoln Presidential Libr, Springfield, IL",Microfilm Service Copy,7966890,1981,1982,Weekly,<1981:11:6-1982:5:14>
sn81002525,World Muslim news.,"Buffalo &amp; Erie Cnty Pub Libr, Buffalo, NY",Original,7966890,1981,1982,Weekly,"<1982:1:1-8,22-2:26, 3:19-4:2,16-5:14>"
sn81002525,World Muslim news.,"County of Los Angeles Pub Libr, Downey, CA",Microfilm Service Copy,7966890,1981,1982,Weekly,<1982:1:1-5:14>
sn81002525,World Muslim news.,"Dallas Pub Libr, Dallas, TX",Unspecified,7966890,1981,1982,Weekly,
sn81002525,World Muslim news.,"Duke Univ Libr, Durham, NC",Microfilm Service Copy,7966890,1981,1982,Weekly,<1981:11:6-1982:5:14>
sn81002525,World Muslim news.,"Free Libr of Philadelphia, Philadelphia, PA",Unspecified,7966890,1981,1982,Weekly,"[Microfilm=7 1981-1982 0,5]"
sn81002525,World Muslim news.,"Free Pub Libr of Newark, New Jersey, Newark, NJ",Unspecified,7966890,1981,1982,Weekly,
sn81002525,World Muslim news.,"Illinois State Univ, Normal, IL",Microfilm Service Copy,7966890,1981,1982,Weekly,<1981:11:6-1982:5:14>
sn81002525,World Muslim news.,"Michigan State Univ, E Lansing, MI",Unspecified,7966890,1981,1982,Weekly,<1981:11:6-1982:5:14>
sn81002525,World Muslim news.,"Millersville Univ, Helen Ganser Libr, Millersville, PA",Unspecified,7966890,1981,1982,Weekly,
sn81002525,World Muslim news.,"New York Pub Libr Res Libr, New York, NY",Microfilm Service Copy,7966890,1981,1982,Weekly,s=<1982:1:1-5:14>
sn81002525,World Muslim news.,"North Carolina A&amp;T State Univ, Greensboro, NC",Unspecified,7966890,1981,1982,Weekly,Jan-Jun1982
sn81002525,World Muslim news.,"Queens Borough Pub Libr, Flushing, NY",Unspecified,7966890,1981,1982,Weekly,
sn81002525,World Muslim news.,"Queens Col, Flushing, NY",Unspecified,7966890,1981,1982,Weekly,Retains current & previous year
sn81002525,World Muslim news.,"Suny At Stony Brook, Stony Brook, NY",Microfilm Service Copy,7966890,1981,1982,Weekly,<1981:11:6-1982:5:14>
sn81002525,World Muslim news.,"Suny Col At Purchase, Purchase, NY",Microfilm Service Copy,7966890,1981,1982,Weekly,<1981:11:6-12:25>
sn81002525,World Muslim news.,"Union Col, Schenectady, NY",Microform,7966890,1981,1982,Weekly,
sn81002525,World Muslim news.,"Univ of California, Los Angeles, Los Angeles, CA",Microform,7966890,1981,1982,Weekly,
sn81002525,World Muslim news.,"Univ of Cent Oklahoma, Edmond, OK",Unspecified,7966890,1981,1982,Weekly,"[microfilm=v.7 1981-1982 0,5,8]"
sn81002525,World Muslim news.,"Univ of Chicago, Chicago, IL",Microfilm Service Copy,7966890,1981,1982,Weekly,<1981:11:6-1982:5:14>
sn81002525,World Muslim news.,"Univ of Connecticut, Storrs, CT",Original,7966890,1981,1982,Weekly,"<1981:11:6-1982:1:29><1982:3:12, 4:2-9>"
sn81002525,World Muslim news.,"Univ of Illinois, Urbana, IL",Original,7966890,1981,1982,Weekly,1981:11:6-1982:5:14; A.M. News: 1982:5:14.
sn81002525,World Muslim news.,"Univ of Illinois, Chicago, Chicago, IL",Unspecified,7966890,1981,1982,Weekly,v.7(1981/1982)
sn81002525,World Muslim news.,"Univ of Louisville, Louisville, KY",Unspecified,7966890,1981,1982,Weekly,v.7 (1981/1982)
sn81002525,World Muslim news.,"Univ of Memphis, Memphis, TN",Unspecified,7966890,1981,1982,Weekly,
sn81002525,World Muslim news.,"Univ of Tennessee, Knoxville, TN",Microfilm Service Copy,7966890,1981,1982,Weekly,<1981:11:6- 12:25>
sn81002525,World Muslim news.,"Univ of Washington Libr, Seattle, WA",Original,7966890,1981,1982,Weekly,Incomplete
sn82015409,Sunday Chicago bee.,"Chicago Hist Soc Libr, Chicago, IL",Microfilm Service Copy,8807768,1925,19??,Weekly,"<1938:5:1><1939:6:25><1940:7:21, 9:1><1941:5:4, 6:29><1942:3:1, 8:2><1943:4:4, 12:5><1946:10:13-20>"
sn82015409,Sunday Chicago bee.,"Chicago Hist Soc Libr, Chicago, IL",Original,8807768,1925,19??,Weekly,"<1938:5:1><1939:6:25><1940:7:21, 9:1><1941:5:4, 6:29><1942:3:1, 8:2><1943:4:4, 12:5><1946:10:13-20>"
sn82015409,Sunday Chicago bee.,"Library of Congress, Washington, DC",Microfilm Service Copy,8807768,1925,19??,Weekly,s=<1946:11:3-12:29>
sn82015409,Sunday Chicago bee.,"Library of Congress, Washington, DC",Microfilm Master,8807768,1925,19??,Weekly,m=<1946:11:3-12:29>
sn82015409,Sunday Chicago bee.,"Univ of Illinois, Urbana, IL",Microfilm Master,8807768,1925,19??,Weekly,"<1938:5:1><1939:6:25><1940:7:21, 9:1><1941:5:4, 6:29><1942:3:1, 8:2><1943:4:4, 12:5><1946:10:13-20>"
sn82015409,Sunday Chicago bee.,"Univ of Illinois, Urbana, IL",Microfilm Service Copy,8807768,1925,19??,Weekly,"<1938:5:1><1939:6:25><1940:7:21, 9:1><1941:5:4, 6:29><1942:3:1, 8:2><1943:4:4, 12:5><1946:10:13-20>"
sn82017081,A.M. news.,"Abraham Lincoln Presidential Libr, Springfield, IL",Microfilm Service Copy,8479022,1982,1982,Weekly,<1982:5:14>
sn82017081,A.M. news.,"Buffalo &amp; Erie Cnty Pub Libr, Buffalo, NY",Original,8479022,1982,1982,Weekly,<1982:5:14>
sn82017081,A.M. news.,"Free Libr of Philadelphia, Philadelphia, PA",Unspecified,8479022,1982,1982,Weekly,"[Microfilm=7 1982 0,5]"
sn82017081,A.M. news.,"Illinois State Univ, Normal, IL",Microfilm Service Copy,8479022,1982,1982,Weekly,<1982:5:14>
sn82017081,A.M. news.,"Michigan State Univ, E Lansing, MI",Original,8479022,1982,1982,Weekly,<1982:5:14>
sn82017081,A.M. news.,"New York Pub Libr Res Libr, New York, NY",Microfilm Service Copy,8479022,1982,1982,Weekly,s=<1982:5:14>
sn82017081,A.M. news.,"Queens Borough Pub Libr, Flushing, NY",Unspecified,8479022,1982,1982,Weekly,
sn82017081,A.M. news.,"Suny At Stony Brook, Stony Brook, NY",Microfilm Service Copy,8479022,1982,1982,Weekly,s=<1982:5:14>
sn82017081,A.M. news.,"Suny Col At Purchase, Purchase, NY",Microfilm Service Copy,8479022,1982,1982,Weekly,<1982:5:14>
sn82017081,A.M. news.,"Univ of California, Santa Barbara, Santa Barbara, CA",Unspecified,8479022,1982,1982,Weekly,v.7:no.30(1982)
sn82017081,A.M. news.,"Univ of Cent Oklahoma, Edmond, OK",Unspecified,8479022,1982,1982,Weekly,"[Microfilm=v.7 1982 0,5,8]"
sn82017081,A.M. news.,"Univ of Chicago, Chicago, IL",Microfilm Service Copy,8479022,1982,1982,Weekly,<1982:5:14>
sn82017081,A.M. news.,"Univ of Illinois, Urbana, IL",Original,8479022,1982,1982,Weekly,1982:May 14
sn82017081,A.M. news.,"Univ of Illinois, Chicago, Chicago, IL",Unspecified,8479022,1982,1982,Weekly,v.7:no.30(1982:May14)
sn82017081,A.M. news.,"Univ of Memphis, Memphis, TN",Unspecified,8479022,1982,1982,Weekly,
sn82017087,A.M. journal.,"Abraham Lincoln Presidential Libr, Springfield, IL",Microfilm Service Copy,8484170,1982,1985,Weekly,<1982:5:21-1985:5:3>
sn82017087,A.M. journal.,"Brigham Young Univ Libr, Provo, UT",Unspecified,8484170,1982,1985,Weekly,NRN:ADM2305
sn82017087,A.M. journal.,"Buffalo &amp; Erie Cnty Pub Libr, Buffalo, NY",Original,8484170,1982,1985,Weekly,<1982:5:21-1985:5:3>
sn82017087,A.M. journal.,"California State Univ, San Bernardino, San Bernardino, CA",Unspecified,8484170,1982,1985,Weekly,[Microfilm=1982-1984]
sn82017087,A.M. journal.,"Chicago Pub Libr, Chicago, IL",Unspecified,8484170,1982,1985,Weekly,
sn82017087,A.M. journal.,"County of Los Angeles Pub Libr, Downey, CA",Microfilm Service Copy,8484170,1982,1985,Weekly,<1984:7:1-12:31>
sn82017087,A.M. journal.,"Duke Univ Libr, Durham, NC",Microfilm Service Copy,8484170,1982,1985,Weekly,<1982:5:21-1985:5:3>
sn82017087,A.M. journal.,"East Orange Libr, East Orange, NJ",Unspecified,8484170,1982,1985,Weekly,keep 6 months
sn82017087,A.M. journal.,"Education Opportunity Ctr of Suny Libr, Syracuse, NY",Unspecified,8484170,1982,1985,Weekly,
sn82017087,A.M. journal.,"Florida A&amp;M Univ, Tallahassee, FL",Unspecified,8484170,1982,1985,Weekly,
sn82017087,A.M. journal.,"Free Libr of Philadelphia, Philadelphia, PA",Unspecified,8484170,1982,1985,Weekly,"[Microfilm=7-10 1982-1985 0,5]"
sn82017087,A.M. journal.,"Illinois State Univ, Normal, IL",Microfilm Service Copy,8484170,1982,1985,Weekly,<1982:5:21-1985:5:3>
sn82017087,A.M. journal.,"Laguardia Commun Col Libr Media Res Ctr, Long Island City, NY",Unspecified,8484170,1982,1985,Weekly,current issues only
sn82017087,A.M. journal.,"Michigan State Univ, E Lansing, MI",Original,8484170,1982,1985,Weekly,<1982:5:14-1985:5:3>
sn82017087,A.M. journal.,"New York Pub Libr Res Libr, New York, NY",Microfilm Service Copy,8484170,1982,1985,Weekly,s=<1982:5:21-1985:5:3>
sn82017087,A.M. journal.,"North Carolina A&amp;T State Univ, Greensboro, NC",Unspecified,8484170,1982,1985,Weekly,1982-1985
sn82017087,A.M. journal.,"North Carolina A&amp;T State Univ, Greensboro, NC",Unspecified,8484170,1982,1985,Weekly,Jan-Jun 1983
sn82017087,A.M. journal.,"Northern Illinois Univ, Dekalb, IL",Original,8484170,1982,1985,Weekly,"MAY 1982-MAY 3, 1985"
sn82017087,A.M. journal.,"Northwestern Univ, Evanston, IL",Microfilm Service Copy,8484170,1982,1985,Weekly,<1982:5:21-1985:5:3>
sn82017087,A.M. journal.,"Queens Borough Pub Libr, Flushing, NY",Unspecified,8484170,1982,1985,Weekly,
sn82017087,A.M. journal.,"Queens Col, Flushing, NY",Unspecified,8484170,1982,1985,Weekly,Retains current and previous year
sn82017087,A.M. journal.,"Suny At Stony Brook, Stony Brook, NY",Microfilm Service Copy,8484170,1982,1985,Weekly,<1982:5:21-1985:5:3>
sn82017087,A.M. journal.,"Suny Col At Purchase, Purchase, NY",Microfilm Service Copy,8484170,1982,1985,Weekly,<1982:7:2-1985:5:3>
sn82017087,A.M. journal.,"Syracuse Univ, Syracuse, NY",Unspecified,8484170,1982,1985,Weekly,
sn82017087,A.M. journal.,"Union Col, Schenectady, NY",Microform,8484170,1982,1985,Weekly,
sn82017087,A.M. journal.,"Univ of California, Davis, Shields Libr, Davis, CA",Microfilm Service Copy,8484170,1982,1985,Weekly,<1985:1:4-5:3>
sn82017087,A.M. journal.,"Univ of California, Los Angeles, Los Angeles, CA",Microform,8484170,1982,1985,Weekly,
sn82017087,A.M. journal.,"Univ of Cent Oklahoma, Edmond, OK",Unspecified,8484170,1982,1985,Weekly,"[Microfilm=7-10 1982:05-1985:05 0,5]"
sn82017087,A.M. journal.,"Univ of Chicago, Chicago, IL",Microfilm Service Copy,8484170,1982,1985,Weekly,<1982:5:21-1985:5:3>
sn82017087,A.M. journal.,"Univ of Connecticut, Storrs, CT",Original,8484170,1982,1985,Weekly,<1984:1:27-1985:5:3>
sn82017087,A.M. journal.,"Univ of Illinois, Urbana, IL",Original,8484170,1982,1985,Weekly,Copy 1 has 1982:5:21-1985:5:3.
sn82017087,A.M. journal.,"Univ of Illinois, Chicago, Chicago, IL",Unspecified,8484170,1982,1985,Weekly,v.7(1982)
sn82017087,A.M. journal.,"Univ of Louisville, Louisville, KY",Unspecified,8484170,1982,1985,Weekly,v.7:no.31 (1982:May 21)-v.10:no.27 (1985:May 3)
sn82017087,A.M. journal.,"Univ of Memphis, Memphis, TN",Unspecified,8484170,1982,1985,Weekly,
sn82017087,A.M. journal.,"Univ of Oregon Libr, Eugene, OR",Unspecified,8484170,1982,1985,Weekly,
sn82017087,A.M. journal.,"Univ of Washington Libr, Seattle, WA",Original,8484170,1982,1985,Weekly,Incomplete
sn83045023,The Chicago bee.,"Center For Res Libr, Newsp Proj, Chicago, IL",Microfilm Service Copy,9290081,1925,????,Weekly,<1943:1:3-1947:8:17>
sn84024172,The Illinois record.,"Abraham Lincoln Presidential Libr, Springfield, IL",Microfilm Service Copy,10601352,1897,1???,Weekly,<1897:11:6-1899:4:23>
sn84024172,The Illinois record.,"Arizona State Univ, Tempe, AZ",Microfilm Service Copy,10601352,1897,1???,Weekly,<1897:11:6-1899:4:23>
sn84024172,The Illinois record.,"Boston Pub Libr, Boston, MA",Microfilm Service Copy,10601352,1897,1???,Weekly,<1897:11:6-1899:4:23>
sn84024172,The Illinois record.,"California State Univ, San Marcos, San Marcos, CA",Unspecified,10601352,1897,1???,Weekly,
sn84024172,The Illinois record.,"Dekalb Cnty Libr, Chicago, IL",Microfilm Service Copy,10601352,1897,1???,Weekly,<1897:11:6-1899:4:23>
sn84024172,The Illinois record.,"Indiana Univ, Bloomington, IN",Unspecified,10601352,1897,1???,Weekly,Nov. 6 1897-Apr. 23 1899
sn84024172,The Illinois record.,"Johns Hopkins Univ, Baltimore, MD",Microfilm Service Copy,10601352,1897,1???,Weekly,s=<1897:11:6-12:25><1898:1:1-1899:4:23>
sn84024172,The Illinois record.,"Kent State Univ, Kent, OH",Microfilm Service Copy,10601352,1897,1???,Weekly,<1897:11:6-1899:4:23>
sn84024172,The Illinois record.,"Library of Congress, Washington, DC",Microfilm Service Copy,10601352,1897,1???,Weekly,s=<1897:11:6-1899:4:23>
sn84024172,The Illinois record.,"Library of Congress, Washington, DC",Microfilm Master,10601352,1897,1???,Weekly,m=<1897:11:6-1899:4:23>
sn84024172,The Illinois record.,"Library of Virginia, The, Richmond, VA",Microfilm Service Copy,10601352,1897,1???,Weekly,<1897:11:6-1899:4:23>
sn84024172,The Illinois record.,"Morgan State Univ, Baltimore, MD",Microfilm Service Copy,10601352,1897,1???,Weekly,<1897:11:6-12:25><1898:1:1-1899:4:23>
sn84024172,The Illinois record.,"New York Pub Libr Res Libr, New York, NY",Microfilm Service Copy,10601352,1897,1???,Weekly,s=<1897:11:6-1899:4:23>
sn84024172,The Illinois record.,"Northwestern Univ, Evanston, IL",Microfilm Service Copy,10601352,1897,1???,Weekly,<1897:11:6-1899:4:23>
sn84024172,The Illinois record.,"Princeton Univ, Princeton, NJ",Unspecified,10601352,1897,1???,Weekly,"v. 1,no. 2 (Nov. 6,1897)-April 23,1899"
sn84024172,The Illinois record.,"SOUTHERN ILLINOIS UNIVERSITY AT EDWARDSVILLE, EDWARDSVILLE, IL",Unspecified,10601352,1897,1???,Weekly,"v. 1,no. 2- (Nov 6,1897-Apr 23,1899)"
sn84024172,The Illinois record.,"Univ of Arkansas, Fayetteville, Fayetteville, AR",Microfilm Service Copy,10601352,1897,1???,Weekly,<1897:11:6-1899:4:23>
sn84024172,The Illinois record.,"Univ of California, San Diego, La Jolla, CA",Online Resource,10601352,1897,1???,Weekly,
sn84024172,The Illinois record.,"Univ of Chicago, Chicago, IL",Microfilm Service Copy,10601352,1897,1???,Weekly,<1897:11:6-1899:4:23>
sn84024172,The Illinois record.,"Univ of Illinois, Urbana, IL",Original,10601352,1897,1???,Weekly,Copy 1 has 1897:11:6-1899:4:23.
sn84024172,The Illinois record.,"Univ of Illinois, Chicago, Chicago, IL",Unspecified,10601352,1897,1???,Weekly,"Nov. 6,1897-Apr. 23,1899"
sn84024172,The Illinois record.,"Univ of Kentucky Libr, Lexington, KY",Microfilm Service Copy,10601352,1897,1???,Weekly,s=<1897:11:6-1899:4:23>
sn84024172,The Illinois record.,"Univ of Tennessee, Knoxville, TN",Microfilm Service Copy,10601352,1897,1???,Weekly,<1897:11:6-1899:4:22>
sn84024172,The Illinois record.,"Virginia Historical Society Library, Richmond, VA",Microfilm Service Copy,10601352,1897,1???,Weekly,<1897:11:6-1899:4:23>
sn84024172,The Illinois record.,"Virginia State Univ, Petersburg, VA",Unspecified,10601352,1897,1???,Weekly,"[Microfilm=1897-1899 0,5,.]"
sn84024172,The Illinois record.,"Wisconsin Hist Soc, Newsp Proj, Madison, WI",Microfilm Service Copy,10601352,1897,1???,Weekly,1897-1899
sn84025827,The state capital.,"Abraham Lincoln Presidential Libr, Springfield, IL",Microfilm Master,10359771,1886,19??,Weekly,<1900:2:3>
sn84025827,The state capital.,"Abraham Lincoln Presidential Libr, Springfield, IL",Microfilm Service Copy,10359771,1886,19??,Weekly,"<1891:3:28, 5:2-12:26><1892:1:2-3:5, 4:30-12:3><1899:1:13><1900:2:3>"
sn84025827,The state capital.,"Arizona State Univ, Tempe, AZ",Unspecified,10359771,1886,19??,Weekly,"[Microfilm Call No. S303. Microfilm=1891-1892,1899 0,5]"
sn84025827,The state capital.,"Boston Pub Libr, Boston, MA",Microfilm Service Copy,10359771,1886,19??,Weekly,"<1891:3:28, 5:2-1892:3:5><1892:4:30-12:3><1899:1:13>"
sn84025827,The state capital.,"California State Univ, San Marcos, San Marcos, CA",Unspecified,10359771,1886,19??,Weekly,
sn84025827,The state capital.,"Center For Res Libr, Newsp Proj, Chicago, IL",Microfilm Service Copy,10359771,1886,19??,Weekly,s=<1891:3:28-1892:12:3><1899:1:13>
sn84025827,The state capital.,"Indiana Univ, Bloomington, IN",Unspecified,10359771,1886,19??,Weekly,Mar. 28 1891-Dec. 3 1892; Jan. 13 1900
sn84025827,The state capital.,"Johns Hopkins Univ, Baltimore, MD",Microfilm Service Copy,10359771,1886,19??,Weekly,"<1891:3:28, 5:2-9, 6:6-13, 7:4,18, 8:8, 8:22-10:3, 10:17-11:7,21, 12:12,26><1892:1:2-16, 1:30-12:3><1899:1:13>"
sn84025827,The state capital.,"Library of Congress, Washington, DC",Microfilm Service Copy,10359771,1886,19??,Weekly,"<1891:3:28, 5:2-1892:3:5, 4:30-12:3><1899:1:13>"
sn84025827,The state capital.,"Library of Congress, Washington, DC",Microfilm Master,10359771,1886,19??,Weekly,"<1891:3:28, 5:2-1892:3:5, 4:30-12:3><1899:1:13>"
sn84025827,The state capital.,"Library of Congress, Washington, DC",Original,10359771,1886,19??,Weekly,<1899:1:13>
sn84025827,The state capital.,"Library of Virginia, The, Richmond, VA",Microfilm Service Copy,10359771,1886,19??,Weekly,"<1891:3:28, 5:2-9, 6:6-13, 7:4,18, 8:8,22-10:3,17-11:7,21, 12:12,26><1892:1:2-16,30-2:13,27-3:5, 4:30, 5:14,28-6:11,25-7:2, 8:13-27, 9:10-17, 10:8-11:5,19, 12:3><1899:1:13>"
sn84025827,The state capital.,"Lincoln Libr, Springfield, IL",Microfilm Service Copy,10359771,1886,19??,Weekly,<1900:2:3>
sn84025827,The state capital.,"Middlebury Col, Middlebury, VT",Unspecified,10359771,1886,19??,Weekly,
sn84025827,The state capital.,"Morgan State Univ, Baltimore, MD",Microfilm Service Copy,10359771,1886,19??,Weekly,"<1891:3:28, 5:2-9, 6:6-13, 7:4,18, 8:8, 8:22-10:3, 10:17-11:7,21, 12:12,26><1892:1:2-16, 1:30-12:3><1899:1:13>"
sn84025827,The state capital.,"Northwestern Univ, Evanston, IL",Microfilm Service Copy,10359771,1886,19??,Weekly,"<1891:3:28, 5:2-9, 6:6-13, 7:4,18, 8:8,22-10:3,17-11:7,21, 12:12,26><1892:1:2-16,30-2:13,27-3:5, 4:30, 5:14,28-6:11,25-7:2, 8:13-27, 9:10-17, 10:8-11:5,19, 12:3><1899:1:13>"
sn84025827,The state capital.,"Princeton Univ, Princeton, NJ",Microfilm Service Copy,10359771,1886,19??,Weekly,s=<1891:3:28-1892:12:3><1899:1:13>
sn84025827,The state capital.,"SOUTHERN ILLINOIS UNIVERSITY AT EDWARDSVILLE, EDWARDSVILLE, IL",Unspecified,10359771,1886,19??,Weekly,"Mar 28,1891-Jan 13,1899"
sn84025827,The state capital.,"Southwestern Baptist Theol Seminary, Ft Worth, TX",Microfilm Service Copy,10359771,1886,19??,Weekly,s=<1891:3:28-1899:1:13>
sn84025827,The state capital.,"Univ of Arkansas, Fayetteville, Fayetteville, AR",Microfilm Service Copy,10359771,1886,19??,Weekly,"<1891:3:28, 5:2-9, 6:6-13, 7:4,18, 8:8,22-29, 9:5-10:3, 10:17-11:7, 11:22, 12:12,26><1892:1:2-16,30, 2:6-13,27,3:5, 4:30, 5:14, 5:28-6:11, 6:25-7:2, 8:13-27, 9:10-17, 10:8-11:5, 11:19, 12:3><1899:1:13>"
sn84025827,The state capital.,"Univ of California, San Diego, La Jolla, CA",Online Resource,10359771,1886,19??,Weekly,
sn84025827,The state capital.,"Univ of Chicago, Chicago, IL",Microfilm Service Copy,10359771,1886,19??,Weekly,1891:Mar 28-May 9;
sn84025827,The state capital.,"Univ of Georgia, Athens, GA",Microfilm Service Copy,10359771,1886,19??,Weekly,"<1891:3:28, 5:2-9, 6:6-13, 7:4,18, 8:8, 8:22-10:3, 10:17-11:7,21, 12:12,26><1892:1:2-16, 1:30-2:13, 2:27-3:5, 4:30, 5:14, 5:28-6:11, 6:25-7:2, 8:13-27, 9:10-17, 10:8-11:5,19, 12:3><1899:1:13>"
sn84025827,The state capital.,"Univ of Illinois, Urbana, IL",Original,10359771,1886,19??,Weekly,all issues filmed with Miscellaneous Negro Newspapers Collection (FILM070.484MI) reel 5
sn84025827,The state capital.,"Univ of Kentucky Libr, Lexington, KY",Microfilm Service Copy,10359771,1886,19??,Weekly,<1891:3:28-1892:12:3><1899:1:13>
sn84025827,The state capital.,"Univ of S Carolina, Columbia, SC",Microfilm Service Copy,10359771,1886,19??,Weekly,"<1891:3:28, 5:2-9, 6:6-13, 7:4, 7:18, 8:8, 8:22-10:3, 10:17-11:7, 11:21, 12:12, 12:26><1892:1:2-16, 1:30-2:13, 2:27-3:5, 4:30, 5:14, 5:28-6:11, 6:25-7:2, 8:13-27, 9:10-17, 10:8-11:5, 11:19, 12:3><1899:1:13>"
sn84025827,The state capital.,"Wisconsin Hist Soc, Newsp Proj, Madison, WI",Microfilm Service Copy,10359771,1886,19??,Weekly,"1891-1892,1899"
sn84037002,Muhammad speaks.,"Abraham Lincoln Presidential Libr, Springfield, IL",Microfilm Service Copy,1758821,1961,1975,"Weekly, Jan. 29, 1965-1975",<1961:10/11-1975:10:31>
sn84037002,Muhammad speaks.,"Bloomsburg Univ, Bloomsburg, PA",Microfilm Service Copy,1758821,1961,1975,"Weekly, Jan. 29, 1965-1975",v. 1 [no. 1]-v. 14 no. 16  1961 Oct./Nov.-1974 Dec. 27
sn84037002,Muhammad speaks.,"Bloomsburg Univ, Bloomsburg, PA",Microfilm Service Copy,1758821,1961,1975,"Weekly, Jan. 29, 1965-1975",v. 1 no. 3-v. 10 no. 52  1962 Jan.-1971 Sept. 10
sn84037002,Muhammad speaks.,"Bowie State Univ Libr, Bowie, MD",Unspecified,1758821,1961,1975,"Weekly, Jan. 29, 1965-1975",MICROFILM ONLY:(SEPT.1960-SEPT.1964)
sn84037002,Muhammad speaks.,"Brigham Young Univ Libr, Provo, UT",Unspecified,1758821,1961,1975,"Weekly, Jan. 29, 1965-1975",NRN:DBD1597
sn84037002,Muhammad speaks.,"California State Libr, Sacramento, CA",Microfilm Service Copy,1758821,1961,1975,"Weekly, Jan. 29, 1965-1975",<1968:1-1975:10:31>
sn84037002,Muhammad speaks.,"California State Libr, Sacramento, CA",Original,1758821,1961,1975,"Weekly, Jan. 29, 1965-1975",<1965:9:24-1967:12:29>
sn84037002,Muhammad speaks.,"California State Univ, East Bay, Hayward, CA",Unspecified,1758821,1961,1975,"Weekly, Jan. 29, 1965-1975",[Microfilm=1-6 1962-1967] Scattered holdings. Per E 185.61 .M83
sn84037002,Muhammad speaks.,"California State Univ, San Bernardino, San Bernardino, CA",Unspecified,1758821,1961,1975,"Weekly, Jan. 29, 1965-1975",[Microfilm=1-15 1961-1975]
sn84037002,Muhammad speaks.,"Canisius Col, Buffalo, NY",Unspecified,1758821,1961,1975,"Weekly, Jan. 29, 1965-1975","[Total=1970,Jul.1971-Dec.1971 Microfilm=1970,Jul.1971-Dec.1971]"
sn84037002,Muhammad speaks.,"Center For Res Libr, Newsp Proj, Chicago, IL",Microfilm Service Copy,1758821,1961,1975,"Weekly, Jan. 29, 1965-1975",1961-1975
sn84037002,Muhammad speaks.,"Charleston Libr Soc, Charleston, SC",Original,1758821,1961,1975,"Weekly, Jan. 29, 1965-1975",<1964:1:31>
sn84037002,Muhammad speaks.,"Chicago Hist Soc Libr, Chicago, IL",Original,1758821,1961,1975,"Weekly, Jan. 29, 1965-1975",<1963:12:6><1965:2:26><1966:7:22><1967:11:10><1968:11:15><1969:4:11>
sn84037002,Muhammad speaks.,"Chicago Pub Libr, Chicago, IL",Unspecified,1758821,1961,1975,"Weekly, Jan. 29, 1965-1975",
sn84037002,Muhammad speaks.,"Chicago Pub Libr, Chicago, IL",Microfilm Service Copy,1758821,1961,1975,"Weekly, Jan. 29, 1965-1975",<1966:1:7-1975:10:31>
sn84037002,Muhammad speaks.,"City Col, Cuny, New York, NY",Unspecified,1758821,1961,1975,"Weekly, Jan. 29, 1965-1975",
sn84037002,Muhammad speaks.,"College of New Jersey, The, Ewing, NJ",Unspecified,1758821,1961,1975,"Weekly, Jan. 29, 1965-1975","[Microfilm=v.1-v.12 1961-1972 1,5,8]"
sn84037002,Muhammad speaks.,"Columbia Univ, New York, NY",Unspecified,1758821,1961,1975,"Weekly, Jan. 29, 1965-1975","v.1:no.4 (1962:Feb.), v.1:no.7 (1962:May), v.2:no.15 (1963:Apr. 15), v.2:no.17 (1963:May 13), v.2:no.21 (1963:July 5)"
sn84037002,Muhammad speaks.,"Cornell Univ, Ithaca, NY",Unspecified,1758821,1961,1975,"Weekly, Jan. 29, 1965-1975",
sn84037002,Muhammad speaks.,"Duke Univ Libr, Durham, NC",Microfilm Service Copy,1758821,1961,1975,"Weekly, Jan. 29, 1965-1975",<1961:10/11-1975:10:31>
sn84037002,Muhammad speaks.,"Grand Rapids Pub Libr, Grand Rapids, MI",Unspecified,1758821,1961,1975,"Weekly, Jan. 29, 1965-1975","[Microfilm=1-6 1961-1967 0,5]."
sn84037002,Muhammad speaks.,"Hostos Commun Col-Cuny, Bronx, NY",Unspecified,1758821,1961,1975,"Weekly, Jan. 29, 1965-1975","[Microfilm=1961-1975 0,5]"
sn84037002,Muhammad speaks.,"Illinois State Univ, Normal, IL",Microfilm Service Copy,1758821,1961,1975,"Weekly, Jan. 29, 1965-1975",<1961:10-1975:10:31>
sn84037002,Muhammad speaks.,"Indiana Univ, Bloomington, IN",Unspecified,1758821,1961,1975,"Weekly, Jan. 29, 1965-1975",Jan. 1970-June 1973
sn84037002,Muhammad speaks.,"Indiana Univ, Bloomington, IN",Unspecified,1758821,1961,1975,"Weekly, Jan. 29, 1965-1975",1961-1975
sn84037002,Muhammad speaks.,"Kent State Univ, Kent, OH",Microfilm Service Copy,1758821,1961,1975,"Weekly, Jan. 29, 1965-1975",<1961:10:11-1975:10:31>
sn84037002,Muhammad speaks.,"Kutztown Univ, Kutztown, PA",Unspecified,1758821,1961,1975,"Weekly, Jan. 29, 1965-1975","[Microfilm=1-10 1960-1971 0,5]"
sn84037002,Muhammad speaks.,"Lehman Col Libr, Bronx, NY",Unspecified,1758821,1961,1975,"Weekly, Jan. 29, 1965-1975",
sn84037002,Muhammad speaks.,"Los Angeles Pub Libr, Los Angeles, CA",Unspecified,1758821,1961,1975,"Weekly, Jan. 29, 1965-1975",1:3-10:52(1962:04-1971:09-10)
sn84037002,Muhammad speaks.,"Michigan State Univ, E Lansing, MI",Original,1758821,1961,1975,"Weekly, Jan. 29, 1965-1975",<1971:4:16-1975:10:17>
sn84037002,Muhammad speaks.,"New York Pub Libr Res Libr, New York, NY",Original,1758821,1961,1975,"Weekly, Jan. 29, 1965-1975",<1967:1:27>
sn84037002,Muhammad speaks.,"New York Pub Libr Res Libr, New York, NY",Microfilm Service Copy,1758821,1961,1975,"Weekly, Jan. 29, 1965-1975",s=<1962:1-1974:12:27>
sn84037002,Muhammad speaks.,"Northern Arizona Univ, Flagstaff, AZ",Original,1758821,1961,1975,"Weekly, Jan. 29, 1965-1975",<1968:11:1>
sn84037002,Muhammad speaks.,"office of Commonwealth Libr Bur of State, Harrisburg, PA",Microform,1758821,1961,1975,"Weekly, Jan. 29, 1965-1975","[microfilm=1961-1967:Mar. 0,5]"
sn84037002,Muhammad speaks.,"Pennsylvania State Univ, University Park, PA",Microfilm Service Copy,1758821,1961,1975,"Weekly, Jan. 29, 1965-1975",s=<1962:1-1971:9:10>
sn84037002,Muhammad speaks.,"Princeton Univ, Princeton, NJ",Microfilm Service Copy,1758821,1961,1975,"Weekly, Jan. 29, 1965-1975",<1967:4-1971:12><1975:6-10>
sn84037002,Muhammad speaks.,"Queens Borough Pub Libr, Flushing, NY",Unspecified,1758821,1961,1975,"Weekly, Jan. 29, 1965-1975",
sn84037002,Muhammad speaks.,"Queens Col, Flushing, NY",Microfilm Service Copy,1758821,1961,1975,"Weekly, Jan. 29, 1965-1975",<1961:10:1-1970:12:25>
sn84037002,Muhammad speaks.,"Saint John Fisher Col, Rochester, NY",Unspecified,1758821,1961,1975,"Weekly, Jan. 29, 1965-1975","[Microfilm=1961-1964 0,5]"
sn84037002,Muhammad speaks.,"Seton Hall Univ, S Orange, NJ",Unspecified,1758821,1961,1975,"Weekly, Jan. 29, 1965-1975",
sn84037002,Muhammad speaks.,"Southern Methodist Univ, Cent Libr, Dallas, TX",Unspecified,1758821,1961,1975,"Weekly, Jan. 29, 1965-1975","[Microfilm=1961-1973 0,5]"
sn84037002,Muhammad speaks.,"State Univ of New York, Binghamton Libr, Binghamton, NY",Unspecified,1758821,1961,1975,"Weekly, Jan. 29, 1965-1975","[Microfilm=1961-1975 0,5]"
sn84037002,Muhammad speaks.,"Suny At Albany, Albany, NY",Unspecified,1758821,1961,1975,"Weekly, Jan. 29, 1965-1975",
sn84037002,Muhammad speaks.,"Suny At Stony Brook, Stony Brook, NY",Microfilm Service Copy,1758821,1961,1975,"Weekly, Jan. 29, 1965-1975",s=<1961:10/11-1975:10:31>
sn84037002,Muhammad speaks.,"Suny Col At Geneseo, Geneseo, NY",Unspecified,1758821,1961,1975,"Weekly, Jan. 29, 1965-1975","[Microfilm=1961-1967 0,5]"
sn84037002,Muhammad speaks.,"Suny Col At Purchase, Purchase, NY",Microfilm Service Copy,1758821,1961,1975,"Weekly, Jan. 29, 1965-1975",<1961:10-1975:10:31>
sn84037002,Muhammad speaks.,"Union Col, Schenectady, NY",Microform,1758821,1961,1975,"Weekly, Jan. 29, 1965-1975",
sn84037002,Muhammad speaks.,"Univ of Akron, Akron, OH",Microfilm Service Copy,1758821,1961,1975,"Weekly, Jan. 29, 1965-1975","<1962:1,4-9, 10:15-31, 12:30-1963:8:2><1964:1:1-1971:9:10>"
sn84037002,Muhammad speaks.,"Univ of California, Davis, Shields Libr, Davis, CA",Original,1758821,1961,1975,"Weekly, Jan. 29, 1965-1975",v.11-15(1971-1975)
sn84037002,Muhammad speaks.,"Univ of California, Davis, Shields Libr, Davis, CA",Microform,1758821,1961,1975,"Weekly, Jan. 29, 1965-1975",v.1-10(1960-1971)
sn84037002,Muhammad speaks.,"Univ of California, Riverside, Riverside, CA",Microform,1758821,1961,1975,"Weekly, Jan. 29, 1965-1975","v.8:16-54(1969),v.9(1969)-15(1975)"
sn84037002,Muhammad speaks.,"Univ of California, Riverside, Riverside, CA",Original,1758821,1961,1975,"Weekly, Jan. 29, 1965-1975","v. 5:16-52(1966),6:1-8,10-11,14-52(1966-67),7:1-10,12-52(1967-68),8:1-24(1968-69)"
sn84037002,Muhammad speaks.,"Univ of Cent Oklahoma, Edmond, OK",Unspecified,1758821,1961,1975,"Weekly, Jan. 29, 1965-1975","[Total=v.1-v.15 1961-1975 0,5]"
sn84037002,Muhammad speaks.,"Univ of Chicago, Chicago, IL",Unspecified,1758821,1961,1975,"Weekly, Jan. 29, 1965-1975",1968:Jan 5-1970:Apr26; unbound
sn84037002,Muhammad speaks.,"Univ of Connecticut, Storrs, CT",Unspecified,1758821,1961,1975,"Weekly, Jan. 29, 1965-1975","<1961:12-1962:6><1963:4:15><1965:2:26, 4:9-7:16, 7:30-8:6><1965:8:20-1966:3:25><1966:4:8-6:24, 7:8-8:5, 8:19-26, 9:9-11:11, 11:25><1966:12:9-1969:1:24><1969:2:7-5:2, 5:16, 7:11, 8:15, 9:5, 12:5-12><1969:12:26-1970:1:16><1970:1:30, 2:27, 3:13-4:3, 4:17-24, 6:5, 9:18, 10:16><1970:10:30-1971:8:6><1971:8:27-11:5, 11:19><1971:12:3-1972:2:18><1972:3:3-5:5, 5:26-7:21, 8:4-9:22, 11:10-17, 12:1><1973:2:2, 3:2,23, 5:4-18, 6:8, 7:6-27>"
sn84037002,Muhammad speaks.,"Univ of Connecticut, Storrs, CT",Original,1758821,1961,1975,"Weekly, Jan. 29, 1965-1975","<1973:9:17-1974:3:1><1974:3:15-4:26><1974:5:24-1975:1:31><1975:2:14-3:7, 3:21-4:11, 5:2, 5:16-23, 6:13-10:10>"
sn84037002,Muhammad speaks.,"Univ of Illinois, Urbana, IL",Original,1758821,1961,1975,"Weekly, Jan. 29, 1965-1975",Copy 1 has 1961:10-1975:10:31.
sn84037002,Muhammad speaks.,"Univ of Illinois, Chicago, Chicago, IL",Unspecified,1758821,1961,1975,"Weekly, Jan. 29, 1965-1975","v.9:no.3(1969:Oct.3)-v.9:no.8(1969:Nov.7),v.9:no.10(1969:Nov.21)-v.9:no.19(1970:Jan.23),v.9:no.22(1970:Feb.13)-v.9:no.35(1970:May15),v.9:no.38(1970:Jun.5)-v.9:no.52(1970:Sep.11)"
sn84037002,Muhammad speaks.,"Univ of Kentucky Libr, Lexington, KY",Microform,1758821,1961,1975,"Weekly, Jan. 29, 1965-1975","[Total=1970-1975. Microfilm=1970-1975 0,5,8]"
sn84037002,Muhammad speaks.,"Univ of Maryland, Col Park, College Park, MD",Unspecified,1758821,1961,1975,"Weekly, Jan. 29, 1965-1975",1960-1971
sn84037002,Muhammad speaks.,"Univ of Memphis, Memphis, TN",Unspecified,1758821,1961,1975,"Weekly, Jan. 29, 1965-1975",
sn84037002,Muhammad speaks.,"Univ of Oregon Libr, Eugene, OR",Unspecified,1758821,1961,1975,"Weekly, Jan. 29, 1965-1975",
sn84037002,Muhammad speaks.,"Univ of Pittsburgh, Pittsburgh, PA",Unspecified,1758821,1961,1975,"Weekly, Jan. 29, 1965-1975",
sn84037002,Muhammad speaks.,"Univ of Rhode Island, Kingston, RI",Microfilm Service Copy,1758821,1961,1975,"Weekly, Jan. 29, 1965-1975",<1961:10/11-1975:10:31>
sn84037002,Muhammad speaks.,"Univ of Rochester, Rochester, NY",Unspecified,1758821,1961,1975,"Weekly, Jan. 29, 1965-1975",
sn84037002,Muhammad speaks.,"Univ of Tennessee, Knoxville, TN",Microfilm Service Copy,1758821,1961,1975,"Weekly, Jan. 29, 1965-1975","<1962:1, 4-7:15, 8:31, 9:15, 10:15-31, 12:30><1963:1:15, 2:4, 3:4-18, 4:15, 5:13, 6:21- 7:5, 8:2, 10:11><1964:1:31, 2:28- 1975:10:31>"
sn84037002,Muhammad speaks.,"Univ of Washington Libr, Seattle, WA",Original,1758821,1961,1975,"Weekly, Jan. 29, 1965-1975",Consult location
sn84037002,Muhammad speaks.,"Wright State Univ, Dayton, OH",Unspecified,1758821,1961,1975,"Weekly, Jan. 29, 1965-1975",Holdings incomplete. [Total=1961-1971. Microfilm=1961-1971]
sn84037002,Muhammad speaks.,"Yale Univ Libr, New Haven, CT",Microfilm Service Copy,1758821,1961,1975,"Weekly, Jan. 29, 1965-1975",<1961:10/11-1975:10:31>
sn85009906,Muslim journal.,"Abraham Lincoln Presidential Libr, Springfield, IL",Microfilm Service Copy,12063707,1985,current,Weekly,<1985:5:10-1988:12:30>
sn85009906,Muslim journal.,"Alachua Cnty Libr Dist, Gainesville, FL",Unspecified,12063707,1985,current,Weekly,
sn85009906,Muslim journal.,"Albany Pub Libr, Albany, NY",Original,12063707,1985,current,Weekly,Retains current 12 months.
sn85009906,Muslim journal.,"Antioch Col, Yellow Springs, OH",Unspecified,12063707,1985,current,Weekly,(Current year only).
sn85009906,Muslim journal.,"Arizona State Univ, Tempe, AZ",Unspecified,12063707,1985,current,Weekly,Retains current issue.
sn85009906,Muslim journal.,"Bard Col, Annandale-On-Hudson, NY",Unspecified,12063707,1985,current,Weekly,"[Microfilm=v.16-v.18 1991-1993 0,5]"
sn85009906,Muslim journal.,"Bennett Col, Greensboro, NC",Unspecified,12063707,1985,current,Weekly,"V. 35NO. 36 (JUN 4, 2010)"
sn85009906,Muslim journal.,"Berea Col, Berea, KY",Original,12063707,1985,current,Weekly,Current three months.
sn85009906,Muslim journal.,"Bowie State Univ Libr, Bowie, MD",Unspecified,12063707,1985,current,Weekly,"v.63-64(1973-1974),v.66-72(1976-1982)"
sn85009906,Muslim journal.,"Bridgeport Pub Libr, Bridgeport, CT",Original,12063707,1985,current,Weekly,Retains current 3 months
sn85009906,Muslim journal.,"Brigham Young Univ Libr, Provo, UT",Unspecified,12063707,1985,current,Weekly,NRN:ADP4069
sn85009906,Muslim journal.,"Broward Cnty, Libr Div, Ft Lauderdale, FL",Original,12063707,1985,current,Weekly,Retains current 3 months.
sn85009906,Muslim journal.,"Broward Cnty, Libr Div, Ft Lauderdale, FL",Original,12063707,1985,current,Weekly,Retains current 3 months.
sn85009906,Muslim journal.,"Buffalo &amp; Erie Cnty Pub Libr, Buffalo, NY",Unspecified,12063707,1985,current,Weekly,Retains current 2 years.
sn85009906,Muslim journal.,"Buffalo &amp; Erie Cnty Pub Libr, Buffalo, NY",Original,12063707,1985,current,Weekly,<1985:1:3-
sn85009906,Muslim journal.,"California State Univ, Chico, Chico, CA",Unspecified,12063707,1985,current,Weekly,Library retains current 3 months only. per BP221 A1 M87
sn85009906,Muslim journal.,"Case Western Rsv Univ, Cleveland, OH",Unspecified,12063707,1985,current,Weekly,Library retains for one year only
sn85009906,Muslim journal.,"Center For Res Libr, Newsp Proj, Chicago, IL",Microfilm Service Copy,12063707,1985,current,Weekly,s=<1985:5:10-
sn85009906,Muslim journal.,"Champaign Pub Libr &amp; Info Ctr, Champaign, IL",Original,12063707,1985,current,Weekly,
sn85009906,Muslim journal.,"Chicago Pub Libr, Chicago, IL",Microform,12063707,1985,current,Weekly,Locations: H3WLC
sn85009906,Muslim journal.,"Chicago Pub Libr, Chicago, IL",Online Resource,12063707,1985,current,Weekly,Locations: H3WLC
sn85009906,Muslim journal.,"Columbia Univ, New York, NY",Unspecified,12063707,1985,current,Weekly,"Microfilm. Wooster, Ohio : Bell & Howell, microfilm reels ; 35 mm."
sn85009906,Muslim journal.,"Cornell Univ, Ithaca, NY",Unspecified,12063707,1985,current,Weekly,
sn85009906,Muslim journal.,"Dallas Pub Libr, Dallas, TX",Unspecified,12063707,1985,current,Weekly,Retains current 2 years only.
sn85009906,Muslim journal.,"Essex Cnty Col, Newark, NJ",Unspecified,12063707,1985,current,Weekly,Current issues retained.
sn85009906,Muslim journal.,"Fayetteville State Univ, Fayetteville, NC",Unspecified,12063707,1985,current,Weekly,
sn85009906,Muslim journal.,"Flint Pub Libr, Flint, MI",Unspecified,12063707,1985,current,Weekly,Retains current year.
sn85009906,Muslim journal.,"Flint Pub Libr, Flint, MI",Original,12063707,1985,current,Weekly,Retains current year.
sn85009906,Muslim journal.,"Florida A&amp;M Univ, Tallahassee, FL",Unspecified,12063707,1985,current,Weekly,
sn85009906,Muslim journal.,"Free Libr of Philadelphia, Philadelphia, PA",Unspecified,12063707,1985,current,Weekly,"[Microfilm=10-20,60,64 0,5]"
sn85009906,Muslim journal.,"Free Pub Libr of Newark, New Jersey, Newark, NJ",Unspecified,12063707,1985,current,Weekly,[
sn85009906,Muslim journal.,"Free Pub Libr of Newark, New Jersey, Newark, NJ","ONLY on microfilm=1961-1988,0,5]",12063707,1985,current,Weekly,
sn85009906,Muslim journal.,"Hartford Pub Libr, Hartford, CT",Original,12063707,1985,current,Weekly,Retains current 2 years
sn85009906,Muslim journal.,"Howard Univ, Washington, DC",Unspecified,12063707,1985,current,Weekly,Current issues only
sn85009906,Muslim journal.,"Indiana Univ, Bloomington, IN",Unspecified,12063707,1985,current,Weekly,Current issues retained until microfilm is shelved
sn85009906,Muslim journal.,"Indiana Univ, Bloomington, IN",Unspecified,12063707,1985,current,Weekly,Latest month only
sn85009906,Muslim journal.,"John Jay Col of Criminal Justice Libr, New York, NY",Unspecified,12063707,1985,current,Weekly,"[Total=1990-2001. Microfilm=1990-2001 0,5]"
sn85009906,Muslim journal.,"Los Angeles Pub Libr, Los Angeles, CA",Unspecified,12063707,1985,current,Weekly,11:24-(1986:04:11-)
sn85009906,Muslim journal.,"Michigan State Univ, E Lansing, MI",Original,12063707,1985,current,Weekly,10-(<1985:5:10-)
sn85009906,Muslim journal.,"Monroe Commun Col Libr, Rochester, NY",Unspecified,12063707,1985,current,Weekly,Retains current months.
sn85009906,Muslim journal.,"New Haven Free Pub Libr, New Haven, CT",Unspecified,12063707,1985,current,Weekly,Retains current 6 to 12 months
sn85009906,Muslim journal.,"New York Pub Libr Res Libr, New York, NY",Microfilm Service Copy,12063707,1985,current,Weekly,s=<1985:5:10-
sn85009906,Muslim journal.,"New York State - Wc7, Albany, NY",Unspecified,12063707,1985,current,Weekly,WC7HG02 Ogdensburg Correctional Facility; Retains current week.
sn85009906,Muslim journal.,"New York State - Wc7, Albany, NY",Unspecified,12063707,1985,current,Weekly,WC7EG01 Cape Vincent Correctional Facility; Retains current week.
sn85009906,Muslim journal.,"North Carolina A&amp;T State Univ, Greensboro, NC",Unspecified,12063707,1985,current,Weekly,Jan-Jun1986
sn85009906,Muslim journal.,"Northwestern Univ, Evanston, IL",Microfilm Service Copy,12063707,1985,current,Weekly,<1985:5:10-
sn85009906,Muslim journal.,"Northwestern Univ, Evanston, IL",Original,12063707,1985,current,Weekly,<1992:7:3-12:25>
sn85009906,Muslim journal.,"Paterson Free Pub Libr, Paterson, NJ",Unspecified,12063707,1985,current,Weekly,Retains current 3 months.
sn85009906,Muslim journal.,"Pennsylvania State Univ, University Park, PA",Unspecified,12063707,1985,current,Weekly,"Retains current issues only [Microfilm=10- 1985- 0,4]"
sn85009906,Muslim journal.,"Peoria Pub Libr, Peoria, IL",Unspecified,12063707,1985,current,Weekly,Retains year.
sn85009906,Muslim journal.,"Purdue Univ, W Lafayette, IN",Unspecified,12063707,1985,current,Weekly,Latest 3 months only.
sn85009906,Muslim journal.,"Queens Borough Pub Libr, Flushing, NY",Unspecified,12063707,1985,current,Weekly,Retains current two years
sn85009906,Muslim journal.,"Queens Col, Flushing, NY",Original,12063707,1985,current,Weekly,11-(1985-Retains current and previous year.)
sn85009906,Muslim journal.,"Rochester Pub Libr, Rochester, NY",Unspecified,12063707,1985,current,Weekly,Retains current 2 years plus 1.
sn85009906,Muslim journal.,"Sacramento Pub Libr, Sacramento, CA",Original,12063707,1985,current,Weekly,Retains current 3 months
sn85009906,Muslim journal.,"State Univ of New York, Binghamton Libr, Binghamton, NY",Unspecified,12063707,1985,current,Weekly,Retains current 6 months.
sn85009906,Muslim journal.,"Stockton-San Joaquin Cnty Pub Libr, Stockton, CA",Unspecified,12063707,1985,current,Weekly,Retains 2 years and current issues
sn85009906,Muslim journal.,"Suny At Buffalo, Buffalo, NY",Microform,12063707,1985,current,Weekly,1985-2015
sn85009906,Muslim journal.,"Suny At Buffalo, Buffalo, NY",Unspecified,12063707,1985,current,Weekly,Current Issues retained until microform received
sn85009906,Muslim journal.,"Suny At Stony Brook, Stony Brook, NY",Original,12063707,1985,current,Weekly,1985-1987
sn85009906,Muslim journal.,"Suny At Stony Brook, Stony Brook, NY",Microfilm Service Copy,12063707,1985,current,Weekly,s=<1985:5:10-1987:12:25>
sn85009906,Muslim journal.,"Suny Col At Purchase, Purchase, NY",Microfilm Service Copy,12063707,1985,current,Weekly,<1985:5:10-1995:12:29>
sn85009906,Muslim journal.,"Syracuse Univ, Syracuse, NY",Unspecified,12063707,1985,current,Weekly,
sn85009906,Muslim journal.,"Texas Tech Univ, Lubbock, TX",Unspecified,12063707,1985,current,Weekly,LIBRARY RETAINS CURRENT YEAR ONLY
sn85009906,Muslim journal.,"Union Col, Schenectady, NY",Microform,12063707,1985,current,Weekly,
sn85009906,Muslim journal.,"Univ of Arizona, Tucson, AZ",Unspecified,12063707,1985,current,Weekly,Retains current year.
sn85009906,Muslim journal.,"Univ of California, Davis, Shields Libr, Davis, CA",Original,12063707,1985,current,Weekly,Current unbound issues-
sn85009906,Muslim journal.,"Univ of California, Irvine, Irvine, CA",Microfilm Service Copy,12063707,1985,current,Weekly,<1985:5:10-
sn85009906,Muslim journal.,"Univ of California, San Diego, La Jolla, CA",Original,12063707,1985,current,Weekly,41:15- (2016- )
sn85009906,Muslim journal.,"Univ of California, Santa Barbara, Santa Barbara, CA",Microform,12063707,1985,current,Weekly,1985:May-2015:Dec.
sn85009906,Muslim journal.,"Univ of California, Santa Barbara, Santa Barbara, CA",Unspecified,12063707,1985,current,Weekly,Current issues kept until replaced by microfilm
sn85009906,Muslim journal.,"Univ of Cent Oklahoma, Edmond, OK",Unspecified,12063707,1985,current,Weekly,"Current 3 months Retained [Microfilm=v.10-v.27 1985-2001 0,5,8]"
sn85009906,Muslim journal.,"Univ of Chicago, Chicago, IL",Unspecified,12063707,1985,current,Weekly,v. 34 no. 14(2009: January 2)
sn85009906,Muslim journal.,"Univ of Colorado At Boulder, Boulder, CO",Unspecified,12063707,1985,current,Weekly,latest 6 weeks
sn85009906,Muslim journal.,"Univ of Connecticut, Storrs, CT",Original,12063707,1985,current,Weekly,<1985:5:10><1985:5:24-1986:8:1>
sn85009906,Muslim journal.,"Univ of Connecticut, Storrs, CT",Original,12063707,1985,current,Weekly,"v.10:no.28, v.10:no.30-v.11:no.40, v.15:no.8-v.17:no.12, v.17:no.14-(1985-1986,1989-)"
sn85009906,Muslim journal.,"Univ of Florida, Gainesville, FL",Unspecified,12063707,1985,current,Weekly,Retains current month.
sn85009906,Muslim journal.,"Univ of Hartford, West Hartford, CT",Unspecified,12063707,1985,current,Weekly,Retains current 1 year; with newspapers.
sn85009906,Muslim journal.,"Univ of Illinois, Urbana, IL",Original,12063707,1985,current,Weekly,1985:5:10 -
sn85009906,Muslim journal.,"Univ of Illinois, Chicago, Chicago, IL",Unspecified,12063707,1985,current,Weekly,v.10(1985)
sn85009906,Muslim journal.,"Univ of Maryland, Baltimore Cnty, Baltimore, MD",Unspecified,12063707,1985,current,Weekly,CURRENT MONTH through 2007 cancelled as of 2008
sn85009906,Muslim journal.,"Univ of Memphis, Memphis, TN",Unspecified,12063707,1985,current,Weekly,
sn85009906,Muslim journal.,"Univ of Oregon Libr, Eugene, OR",Unspecified,12063707,1985,current,Weekly,
sn85009906,Muslim journal.,"Univ of Rochester, Rochester, NY",Unspecified,12063707,1985,current,Weekly,"[Microfilm=10- 1985- 0,4]"
sn85009906,Muslim journal.,"Univ of Southern California, Los Angeles, CA",Original,12063707,1985,current,Weekly,
sn85009906,Muslim journal.,"Univ of Virginia, Charlottesville, VA",Unspecified,12063707,1985,current,Weekly,[Microfilm= 10- 1985- ]
sn85009906,Muslim journal.,"Univ of Washington Libr, Seattle, WA",Original,12063707,1985,current,Weekly,"Jun.6,1985-date;"
sn85009906,Muslim journal.,"Vassar Col, Poughkeepsie, NY",Unspecified,12063707,1985,current,Weekly,Retains current year + 1.
sn85009906,Muslim journal.,"Virginia Commonwealth Univ, Richmond, VA",Microfilm Service Copy,12063707,1985,current,Weekly,<1985:5:10-1993:12:31>
sn85009906,Muslim journal.,"Virginia Commonwealth Univ, Richmond, VA",Unspecified,12063707,1985,current,Weekly,Retains current 3 months.
sn85009906,Muslim journal.,"Washington State Univ, Pullman, WA",Original,12063707,1985,current,Weekly,
sn85009906,Muslim journal.,"Washington State Univ, Pullman, WA",Original,12063707,1985,current,Weekly,
sn85009906,Muslim journal.,"Westchester Libr Syst, Ardsley, NY",Unspecified,12063707,1985,current,Weekly,Retains current six months
sn85009906,Muslim journal.,"Westchester Libr Syst, Ardsley, NY",Original,12063707,1985,current,Weekly,
sn89080007,Metropolis weekly gazette.,"Abraham Lincoln Presidential Libr, Springfield, IL",Microfilm Service Copy,22355720,1???,19??,Weekly,"<1911:7:21><1912:5:24, 8:16, 10:18><1913:5:16-23, 12:12-26><1914:1:16-2:6,27-12:25><1915:1:8-12:24><1916:1:7-12:22><1917:1:5-9:14,28-12:21><1918:1:4-2:8,22-5:17,31-8:14,30-9:13,27-10:4,18, 11:15-22, 12:4><1919:1:3,17,31-2:21, 3:28-6:13,27-10:17,31-11:21, 12:5-26><1920:1:2,16-3:19, 4:2-5:14,28-10:8,22-12:31><1921:1:7-2:4,18-6:17, 7:1-29, 8:12-12:29><1922:1:6-3:3,17-31, 4:14-28, 5:26-6:16,30-9:1,15-22, 10:6-13,27-12:22>"
sn89080007,Metropolis weekly gazette.,"Abraham Lincoln Presidential Libr, Springfield, IL",Microfilm Master,22355720,1???,19??,Weekly,"<1911:7:21><1912:5:24, 8:16, 10:18><1913:5:16-23, 12:12-26><1914:1:16-2:6,27-12:25><1915:1:8-12:24><1916:1:7-12:22><1917:1:5-9:14,28-12:21><1918:1:4-2:8,22-5:17,31-8:14,30-9:13,27-10:4,18, 11:15-22, 12:4><1919:1:3,17,31-2:21, 3:28-6:13,27-10:17,31-11:21, 12:5-26><1920:1:2,16-3:19, 4:2-5:14,28-10:8,22-12:31><1921:1:7-2:4,18-6:17, 7:1-29, 8:12-12:29><1922:1:6-3:3,17-31, 4:14-28, 5:26-6:16,30-9:1,15-22, 10:6-13,27-12:22>"
sn89080007,Metropolis weekly gazette.,"Southern Illinois Univ, Carbondale, IL",Microfilm Service Copy,22355720,1???,19??,Weekly,"<1911:7:21><1912:5:24, 8:16, 10:18><1913:5:16-23, 12:12-26><1914:1:16-2:6,27-12:25><1915:1:8-12:24><1916:1:7-12:22><1917:1:5-9:14,28-12:21><1918:1:4-2:8,22-5:17,31-8:14,30-9:13,27-10:4,18, 11:15-22, 12:4><1919:1:3,17,31-2:21, 3:28-6:13,27-10:17,31-11:21, 12:5-26><1920:1:2,16-3:19, 4:2-5:14,28-10:8,22-12:31><1921:1:7-2:4,18-6:17, 7:1-29, 8:12-12:29><1922:1:6-3:3,17-31, 4:14-28, 5:26-6:16,30-9:1,15-22, 10:6-13,27-12:22>"
sn89080007,Metropolis weekly gazette.,"SOUTHERN ILLINOIS UNIVERSITY AT EDWARDSVILLE, EDWARDSVILLE, IL",Unspecified,22355720,1???,19??,Weekly,"Jul 21,1911-Dec 22,1922"
sn89080007,Metropolis weekly gazette.,"Wisconsin Hist Soc, Newsp Proj, Madison, WI",Microfilm Service Copy,22355720,1???,19??,Weekly,s=<1911:7:21-1922:12:22>
sn89080008,East St. Louis monitor.,"Abraham Lincoln Presidential Libr, Springfield, IL",Microfilm Service Copy,22355725,1963,1975,Weekly,<1965:3:15-1969:2:20><1970:1:8-1975:10:30>
sn89080008,East St. Louis monitor.,"Abraham Lincoln Presidential Libr, Springfield, IL",Microfilm Master,22355725,1963,1975,Weekly,<1965:3:15-1969:2:20><1970:1:8-1975:10:30>
sn89080008,East St. Louis monitor.,"SOUTHERN ILLINOIS UNIVERSITY AT EDWARDSVILLE, EDWARDSVILLE, IL",Original,22355725,1963,1975,Weekly,1965/66-1974/75
sn89080008,East St. Louis monitor.,"Wisconsin Hist Soc, Newsp Proj, Madison, WI",Microfilm Service Copy,22355725,1963,1975,Weekly,s=<1965:3:15/21-1975:10:30>
sn89080009,The crusader.,"Abraham Lincoln Presidential Libr, Springfield, IL",Microfilm Service Copy,22355733,1942,????,Weekly,<1965:1:7-1978:8:17>
sn89080009,The crusader.,"Abraham Lincoln Presidential Libr, Springfield, IL",Microfilm Master,22355733,1942,????,Weekly,<1965:1:7-1978:8:17>
sn89080009,The crusader.,"SOUTHERN ILLINOIS UNIVERSITY AT EDWARDSVILLE, EDWARDSVILLE, IL",Unspecified,22355733,1942,????,Weekly,"Jan 7,1965-Aug 17,1978"
sn89080009,The crusader.,"Wisconsin Hist Soc, Newsp Proj, Madison, WI",Microfilm Service Copy,22355733,1942,????,Weekly,s=<1965:1:7-1978:7:17>
sn90053118,Black x-press.,"Chicago Hist Soc Libr, Chicago, IL",Microfilm Service Copy,23090902,1973,197?,Weekly,<1973:5:19-1974:7:27>
sn90053118,Black x-press.,"Chicago Hist Soc Libr, Chicago, IL",Original,23090902,1973,197?,Weekly,"<1973:6:2,23-10:13,27-12:22><1974:1:5-3:2,16-5:25, 6:8-7:27>"
sn90053118,Black x-press.,"Chicago Pub Libr, Chicago, IL",Original,23090902,1973,197?,Weekly,<1973:5:19-1974:7:27>
sn90053118,Black x-press.,"Northwestern Univ, Evanston, IL",Original,23090902,1973,197?,Weekly,"<1973:11:17-24, 12:8-22><1974:1:5-7:27>"
sn90053118,Black x-press.,"Univ of California, San Diego, La Jolla, CA",Online Resource,23090902,1973,197?,Weekly,
sn90053118,Black x-press.,"Univ of Illinois, Urbana, IL",Unspecified,23090902,1973,197?,Weekly,1973:5:19-1974:7:27
sn90053118,Black x-press.,"Univ of Illinois, Chicago, Chicago, IL",Unspecified,23090902,1973,197?,Weekly,"v.1:no.1(1973:May19),v.1:no.4(1973:Jun.9)-v.1:no.48(1974:May4)"
sn90053126,The Chicago Illinois idea.,"Chicago Hist Soc Libr, Chicago, IL",Microfilm Service Copy,23103639,19??,19??,Weekly,<1916:10:28>
sn90053126,The Chicago Illinois idea.,"Chicago Hist Soc Libr, Chicago, IL",Original,23103639,19??,19??,Weekly,<1916:10:28>
sn90053126,The Chicago Illinois idea.,"Univ of Illinois, Urbana, IL",Unspecified,23103639,19??,19??,Weekly,"Bulletin: 1964:1:30-2:5,1965:7:29-8:4; Chicago courier: 1965:8:7-21,1967:1:7; Chicago Illinois idea: 1916:10:28; Chicago reflector: 1897:10:16; Chicago whip:1927:11:5,19-26; Sunday Chicago bee: 1938:5:1,1939:6:25,1940:7:21,9:1,1941:5:4,6:29,1942:3:1,8:2,1943:4:4,12:5,1946:10:13-20"
sn90053128,The Chicago courier.,"Abraham Lincoln Presidential Libr, Springfield, IL",Microfilm Service Copy,23103681,1960,19??,Weekly,<1963:8:17><1976:1:24>
sn90053128,The Chicago courier.,"Abraham Lincoln Presidential Libr, Springfield, IL",Microfilm Master,23103681,1960,19??,Weekly,<1963:8:17><1976:1:24>
sn90053128,The Chicago courier.,"California State Univ, San Marcos, San Marcos, CA",Unspecified,23103681,1960,19??,Weekly,
sn90053128,The Chicago courier.,"Chicago Hist Soc Libr, Chicago, IL",Microfilm Service Copy,23103681,1960,19??,Weekly,<1965:8:7-21><1967:1:7>
sn90053128,The Chicago courier.,"Chicago Hist Soc Libr, Chicago, IL",Original,23103681,1960,19??,Weekly,<1965:8:7-21><1967:1:7>
sn90053128,The Chicago courier.,"Lincoln Libr, Springfield, IL",Microfilm Service Copy,23103681,1960,19??,Weekly,<1963:8:17>
sn90053128,The Chicago courier.,"Univ of California, San Diego, La Jolla, CA",Online Resource,23103681,1960,19??,Weekly,
sn90053128,The Chicago courier.,"Univ of Illinois, Urbana, IL",Original,23103681,1960,19??,Weekly,"Copy 1 has 1976:1:10-2:27, 4:3-5:22, 6:5-7:10"
sn98063233,The Evanston newsette.,"Abraham Lincoln Presidential Libr, Springfield, IL",Microfilm Service Copy,38874778,1941,19??,Weekly,<1941:2:27-1950:11:9>
sn98063233,The Evanston newsette.,"Abraham Lincoln Presidential Libr, Springfield, IL",Microfilm Master,38874778,1941,19??,Weekly,<1941:2:27-1950:11:9>
sn98063233,The Evanston newsette.,"Evanston Pub Libr, Evanston, IL",Microform,38874778,1941,19??,Weekly,Jan. 1941-Nov. 1950
sn98063234,Concerned citizens commitment news report.,"Abraham Lincoln Presidential Libr, Springfield, IL",Microfilm Service Copy,38840435,1971,1973,Weekly,<1971:5:15-1973:7:5>
sn98063234,Concerned citizens commitment news report.,"Abraham Lincoln Presidential Libr, Springfield, IL",Microfilm Master,38840435,1971,1973,Weekly,<1971:5:15-1973:7:5>
sn98063234,Concerned citizens commitment news report.,"Evanston Pub Libr, Evanston, IL",Original,38840435,1971,1973,Weekly,<1971:5:15-1973:7:5>
sn98063234,Concerned citizens commitment news report.,"Northwestern Univ, Evanston, IL",Original,38840435,1971,1973,Weekly,"<1971:5:15-9:4,18-1973:7:5>"
sn98063235,CCC newsette.,"Abraham Lincoln Presidential Libr, Springfield, IL",Microfilm Service Copy,38840511,1973,1984,Weekly,<1973:7:12-1984:1:5>
sn98063235,CCC newsette.,"Abraham Lincoln Presidential Libr, Springfield, IL",Microfilm Master,38840511,1973,1984,Weekly,<1973:7:12-1984:1:5>
sn98063235,CCC newsette.,"Evanston Pub Libr, Evanston, IL",Original,38840511,1973,1984,Weekly,<1973:7:12-1984:1:5>
sn98063235,CCC newsette.,"Northwestern Univ, Evanston, IL",Original,38840511,1973,1984,Weekly,"<1973:7:12-1974:2:7, 2:21-3:21, 12:5-26><1975:1:2-11:20, 12:4-25><1976:1:1,15-29>"
sn98063236,CCC news.,"Abraham Lincoln Presidential Libr, Springfield, IL",Microfilm Service Copy,38840679,1984,1985,Weekly,"<1984:1:12-6:28><1985:1:10-5:23, 7:25>"
sn98063236,CCC news.,"Abraham Lincoln Presidential Libr, Springfield, IL",Microfilm Master,38840679,1984,1985,Weekly,"<1984:1:12-6:28><1985:1:10-5:23, 7:25>"
sn98063236,CCC news.,"Chicago Hist Soc Libr, Chicago, IL",Microfilm Service Copy,38840679,1984,1985,Weekly,<1984:5:24-6:28><1984:12:20-1985:2:7><1985:2:21-5:23>
sn98063236,CCC news.,"Evanston Pub Libr, Evanston, IL",Original,38840679,1984,1985,Weekly,<1984:1:12-1985:7:25>
sn98063236,CCC news.,"Northwestern Univ, Evanston, IL",Original,38840679,1984,1985,Weekly,<1985:5:16>
sn98063236,CCC news.,"Univ of Illinois, Urbana, IL",Microfilm Master,38840679,1984,1985,Weekly,"<1984:5:24-6:28, 12:20-27><1985:1:3-2:7,21-5:23>"
sn98063236,CCC news.,"Univ of Illinois, Urbana, IL",Microfilm Service Copy,38840679,1984,1985,Weekly,"<1984:5:24-6:28, 12:20-27><1985:1:3-2:7,21-5:23>"
